Index,Song,Played
1,Sevendust Dirty,0
2,Sevendust God Bites His Tongue,0
3,Sevendust Medicated,0
4,Sevendust Unforgiven,0
5,Sevendust Sickness,0
6,Sevendust Cheers,0
7,Sevendust Risen,0
8,Sevendust Moments,0
9,Sevendust Not Original,0
10,Sevendust Descend,0
11,Sevendust Life Deceives You,0
12,Sevendust The Truth,0
13,Sevendust Death Dance,0
14,Sevendust Forget,0
15,Sevendust Letters,0
16,Sevendust Cease and Desist,0
17,Sevendust Not Today,0
18,Sevendust Chop,0
19,Sevendust Kill the Flaw,0
20,Sevendust Silly Beast,0
21,Sevendust Peace and Destruction,0
22,Sevendust Torched,0
23,Sevendust Memory,0
24,Sevendust Faithless,0
25,Sevendust Till Death,0
26,Sevendust Mountain,0
27,Sevendust Cold as War,0
28,Sevendust Black Out the Sun,0
29,Sevendust Nobody Wants It,0
30,Sevendust Dead Roses,0
31,Sevendust Decay,0
32,Sevendust Dark AM,0
33,Sevendust Picture Perfect,0
34,Sevendust Got a Feeling,0
35,Sevendust Murder Bar,0
36,Sevendust Splinter,0
37,Sevendust Forever,0
38,Sevendust Unraveling,0
39,Sevendust Last Breath,0
40,Sevendust Karma,0
41,Sevendust Ride Insane,0
42,Sevendust Confessions (Without Faith),0
43,Sevendust Nowhere,0
44,Sevendust Here and Now,0
45,Sevendust Better Place,0
46,Sevendust Strong Arm Broken,0
47,Sevendust Inside,0
48,Sevendust Enough,0
49,Sevendust Hope,0
50,Sevendust Scapegoat,0
51,Sevendust Fear,0
52,Sevendust The Past,0
53,Sevendust Prodigal Son,0
54,Sevendust Lifeless,0
55,Sevendust Sorrow,0
56,Sevendust Contradiction,0
57,Sevendust Walk Away,0
58,Sevendust Deathstar,0
59,Sevendust Clueless,0
60,Sevendust Driven,0
61,Sevendust Feed,0
62,Sevendust Suffer,0
63,Sevendust Beg to Differ,0
64,Sevendust Under,0
65,Sevendust Story of Your Life,0
66,Sevendust Confessions of Hatred,0
67,Sevendust Aggression,0
68,Sevendust Burn,0
69,Sevendust Alpha,0
70,Sevendust Hero,0
71,Sevendust Ugly,0
72,Sevendust Pieces,0
73,Sevendust Silence,0
74,Sevendust This Life,0
75,Sevendust See and Believe,0
76,Sevendust The Last Song,0
77,Sevendust Desertion,0
78,Sevendust Never,0
79,Sevendust Shadows In Red,0
80,Sevendust Disease,0
81,Sevendust Enemy,0
82,Sevendust Broken Down,0
83,Sevendust Separate,0
84,Sevendust Honesty,0
85,Sevendust Skeleton Song,0
86,Sevendust Disgrace,0
87,Sevendust Burned Out,0
88,Sevendust Suffocate,0
89,Sevendust Gone,0
90,Sevendust Face to Face,0
91,Sevendust T.O.A.B.,0
92,Sevendust Praise,0
93,Sevendust Trust,0
94,Sevendust Crucified,0
95,Sevendust Dead Set,0
96,Sevendust Shine,0
97,Sevendust Follow,0
98,Sevendust Damaged,0
99,Sevendust Live Again,0
100,Sevendust Beautiful,0
101,Sevendust Redefine,0
102,Sevendust Home,0
103,Sevendust Headtrip,0
104,Sevendust Insecure,0
105,Sevendust Reconnect,0
106,Sevendust Rumble Fish,0
107,Sevendust Licking Cream,0
108,Sevendust Grasp,0
109,Sevendust Crumbled,0
110,Sevendust Feel So,0
111,Sevendust Grasshopper,0
112,Sevendust Bender,0
113,Sevendust Terminator,0
114,Sevendust Too Close to Hate,0
115,Sevendust Wired,0
116,Sevendust Prayer,0
117,Sevendust Face,0
118,Sevendust Speak,0
119,Sevendust Will It Bleed,0
120,Sevendust Born to Die,0
121,Tremonti Leave It Alone,0
122,Tremonti So You're Afraid,0
123,Tremonti Wish You Well,0
124,Tremonti Brains,0
125,Tremonti The Things I've Seen,0
126,Tremonti You Waste Your Time,0
127,Tremonti New Way Out,0
128,Tremonti Giving Up,0
129,Tremonti Proof,0
130,Tremonti All I Was,0
131,Tremonti Doesn't Matter,0
132,Tremonti Decay,0
133,Tremonti Flying Monkeys,0
134,Tremonti Cauterize,0
135,Tremonti Arm Yourself,0
136,Tremonti Dark Trip,0
137,Tremonti Another Heart,0
138,Tremonti Fall Again,0
139,Tremonti Tie the Noose,0
140,Tremonti Sympathy,0
141,Tremonti My Last Mistake,0
142,Tremonti The Cage,0
143,Tremonti Once Dead,0
144,Tremonti Dust,0
145,Tremonti Betray Me,0
146,Tremonti Tore My Heart Out,0
147,Tremonti Catching Fire,0
148,Tremonti Never Wrong,0
149,Tremonti Rising Storm,0
150,Tremonti Unable to See,0
151,Tremonti Bringer of War,0
152,Tremonti From the Sky,0
153,Tremonti A Dying Machine,0
154,Tremonti Trust,0
155,Tremonti Throw Them to the Lions,0
156,Tremonti Make It Hurt,0
157,Tremonti Traipse,0
158,Tremonti The First the Last,0
159,Tremonti A Lot Like Sin,0
160,Tremonti The Day When Legions Burned,0
161,Tremonti As The Silence Becomes Me,0
162,Tremonti Take You With Me,0
163,Tremonti Desolation,0
164,Tremonti Found,0
